"X1","X2","X3","X4","Y"
90.3640813856308,90.5672984027909,78,-1919.29581016302,-4931.24938259513
112.003143679019,121.463743942785,84,-842.181041836739,-1432.96704768895
108.002536468068,148.489814432518,82,13041.2987098098,44602.4522982198
149.289882772381,90.1827487833286,83,12695.5550163984,43478.02553129
161.96397383102,112.80085258029,77,9170.87134718895,29789.0930927788
85.239917356911,96.5677065987647,86,7245.22077292204,26130.2376397358
122.541685052019,128.616995599675,80,8744.22834813595,29590.057430383
102.501686765244,117.23344836441,72,12867.6627799869,38546.577769679
104.592368606053,124.218151015465,78,10983.4717139602,35789.7941764279
126.313952832412,116.284944135862,77,-382.914610207081,162.779592667035
96.4647435343837,100.224789886069,83,1900.62014758587,7499.28998078537
78.1538481238532,114.623239107007,79,24048.8306060433,77485.9307383002
104.640834351118,110.455246069774,81,2621.43997848034,9849.40638526293
118.636146169472,105.124993958998,83,21358.8738813996,72389.1250995889
140.243816039838,86.4090765754432,74,7248.16451966763,22668.6394174299
126.175797074259,129.058319375193,74,6099.63013231754,19634.5256334167
119.549674262732,98.099761317055,81,19224.4291976094,63682.0728467613
107.926219625932,119.125858742692,84,18295.7806065679,63023.9845189901
87.5853770642082,90.2749769416618,80,26576.2048214674,86380.1145626058
77.818248074161,110.278993435781,71,12903.6565870047,38054.942605131
116.35877123272,108.987135370373,80,16019.3411260843,52688.5722419493
137.351811133399,112.727290100458,83,19927.0270913839,67786.1742205025
99.0210186508283,132.489884663157,77,2789.26026821136,10113.7106464881
138.398416224561,66.2995549792623,71,22338.2950350642,64672.2309904467
154.282719005705,109.278290650862,80,7327.24616676569,24904.9665093813
94.7827542323546,112.799196596209,73,10737.8366813064,32729.0258996186
107.712924199716,96.8742274041034,74,22067.5406381488,66692.1870173466
87.3123303719148,117.163152359889,77,-649.486914277077,-720.420676460098
91.4170190479206,114.965329502246,75,8934.56093966961,28194.4566404378
125.334532098121,99.3556222055565,74,12346.6489613056,37903.1681994896
80.3203425993542,80.1516290654666,77,-1177.93417721987,-2709.73151028375
134.141796073737,98.6688640331588,81,201.719291508198,1904.29854575813
136.718128222333,116.355697055042,83,2206.17986470461,8755.54239024081
119.029625303483,137.030929715777,70,15865.389034152,46147.8634158298
124.968041329042,117.684439036377,79,13470.8314538002,44098.0554628556
160.703936939703,100.04479052846,78,14849.6230244637,47785.0938774557
125.068070958501,94.611936771977,81,24209.958307445,79920.2488749142
132.224009359109,140.945362799623,81,10027.5376066566,34261.8447187372
169.903122093042,123.306412150891,78,28400.1871794462,90429.5893807643
52.5083805263794,100.575075266749,80,17658.4808826447,57786.6593269813
97.102013416328,77.849533815907,76,1496.96565419436,5539.44575262432
146.899724047946,121.845611273513,80,12842.0264050364,42725.7132783716
108.959083643194,88.8768961192242,79,-1961.66652441025,-5109.38880614557
81.616044615431,97.4090600586912,81,23883.5323825479,78765.5435416844
146.081935468721,94.517317187578,80,19814.5911246538,64840.268288078
112.695295883058,138.110764804825,77,20395.6540301442,64623.1682822805
124.04473377534,81.0627077039671,75,21766.56652987,66602.3599582227
105.613280439272,110.840981130673,75,5118.18069964647,16701.4211841774
82.2908601158877,147.907756077104,81,12212.4085202813,41304.6279052801
104.555858400233,113.81714803672,75,7816.16646051407,24815.4139826359
100.473648561319,194.372750918997,77,6986.32172495127,23767.6150326026
122.834014626155,113.907783020736,79,6332.64932781458,21450.6933653824
105.74727639001,131.241959068536,84,14514.1027420759,50389.3961148141
80.5844111257834,99.6963976971549,84,9696.08528912067,33820.9902584754
136.464036441872,111.153042999902,87,24999.1300329566,88583.9752645337
98.9428903387657,60.4569095326935,75,14875.8837208152,45654.6154610591
179.763236713858,98.0190519543604,81,17870.2313005924,59433.2714941879
108.232905672518,111.687861625053,80,855.956524610519,4068.57046590526
100.073860142443,104.429863242939,80,2200.60516893864,8319.79838847469
128.906006113425,96.1946881227326,79,6840.21060168743,22895.9453338653
142.403297707997,131.485696867676,84,-1437.07091361284,-3288.37977708249
129.181251242356,157.102333587475,78,22259.8115801811,71452.5114340038
128.009762826359,105.099501141351,78,20194.0550506115,64518.3774610709
113.318698351531,95.6348053445049,82,1087.42289990187,4764.45314531448
156.262300405225,86.6035672895485,79,23410.0580662489,75384.8949502592
139.464539122051,131.29671292931,83,24063.2222741842,81742.0551377855
98.8546254962287,113.784983698635,81,29049.0018576384,95731.1494082751
129.212663924012,105.527805275617,81,11186.2285360694,37664.6594885803
128.15048033779,108.697431127423,84,19662.2272208333,67598.8698445836
158.12867134074,146.109697810977,83,4138.27547430992,15517.2785279154
145.640151246721,123.111818070819,77,21857.9014614224,69047.3427228278
102.9658339581,152.993053735692,81,17070.4568326473,57195.1623244629
166.250348040611,121.728442630721,81,19025.8684381843,63394.9758082164
119.410973416812,96.4907952387841,74,9384.1594606638,29092.571038683
118.039862419035,95.4392183455481,79,7681.31440132856,25536.3354334677
131.536555732019,149.161327131964,78,-57.9390004277229,1540.37125199333
103.320345173119,107.200795869424,84,4347.63026237488,15930.9179317856
145.423495301771,79.6427107750475,78,23377.5582239032,74319.0589949882
105.450843649209,87.3494274837364,82,16949.7515931726,56831.3307561529
115.464434403047,113.722630710788,80,-1486.06340587139,-3400.24900056199
139.585335340729,99.1376160385783,75,19936.889141798,61257.4421834776
106.978440423415,82.8330789310327,80,26829.3060734868,87193.9826090564
116.498696918428,103.511499432891,81,28424.6884211898,93590.0249882896
110.13500248019,96.2222407160489,82,11828.1594216824,40109.446198596
171.030169600198,149.027611388882,80,5915.82221537828,20831.199027764
73.2276595349828,101.246873286161,78,7791.75414144993,25547.9881693467
95.4830823837285,104.485542507592,73,27244.4308623672,81049.4639100595
156.158871101417,80.1108558671322,83,23791.2756800652,80348.3028593415
103.199673998343,133.517058650331,86,5516.67404919863,20564.1290560364
130.361867738915,115.209106860602,79,24956.3275873661,80497.9179845173
132.981639505592,140.052367598847,72,2284.56952422857,8225.20371503538
114.899129629365,140.933763283283,80,24495.0410723686,80200.8552418097
109.205800320866,89.3508223920081,77,9245.10798603296,29672.7497474088
133.171876615774,105.254006772155,83,2573.30449670553,9869.2074132411
90.2561179452676,116.865815557471,76,12686.7599636316,40021.7805213459
126.010539969707,110.288837356844,87,26785.0717157125,94892.8233999439
122.303952349316,118.620673989256,82,19750.2547055483,66385.8096325165
126.199807197545,67.4482777887772,86,10694.5967227221,37863.211861336
124.87410706062,150.763649695057,80,29148.9171683788,95298.3367054493
88.1745867371219,99.4099243280895,74,1328.9253488183,5088.81437243377
131.768656117453,159.016738715452,74,-596.459612250328,74.0291867913959
93.3449239088286,95.5404563699327,79,11724.7884050012,38289.7946571268
135.450360013071,130.789604521812,80,19391.1085575819,63777.3958509497
107.396678302126,93.7728448465838,78,19188.051700592,61164.876220898
112.241095078284,113.436018204103,77,14741.1354333162,46896.477447098
122.646398789321,112.537642154642,81,23546.0211932659,77806.643736414
101.764217328548,101.603197637698,83,-198.788419365883,539.148897738758
131.270317652508,98.1305114625892,70,21935.6336593628,62867.6031383198
125.586774073345,131.140342857894,75,8362.99212276936,26710.2567690675
122.736197108171,107.46356927849,81,10753.4811347723,36293.6932291374
117.265980121524,153.023732796984,82,26845.4948216677,90082.2987500726
124.136779828888,95.1996741813126,81,4181.171618402,14803.9043694279
104.80253482874,115.976565246985,84,13336.2432047725,46288.4755018416
76.577841876587,114.566140049293,78,8995.12565881014,29336.8250813768
150.957423963878,121.820439889075,79,4529.99349683523,15865.1151172089
91.7434263835125,156.468410325007,76,3951.59129053354,13751.6907391071
129.346441158165,92.0752462911107,86,26756.6627040505,93497.4192431349
99.9397134016052,147.083210438792,83,3182.07803368568,12217.3482284009
144.03795077,103.680351667366,86,25967.7926152945,90950.6822703975
151.056164618965,71.3196200242045,78,11856.1211228371,38168.9237894841
108.470156176507,145.130546565491,85,8241.30772799253,29756.0108296228
74.8692628177949,69.2534287027299,77,16038.2625311613,50457.4521627346
159.085044317004,98.8340672341309,75,12510.7958167791,38981.0374882561
131.924052777492,120.26858578875,82,24261.8578448892,81259.0432440339
77.2096571605617,126.433168463286,82,16915.5064597726,57041.5800452481
137.001582925459,124.365280285542,75,2135.68553328514,7922.25691286159
99.3881826040991,127.283258865368,82,12975.1480296254,44124.3254864943
124.276126103544,92.1252334285786,84,6287.01993077993,22351.8641547889
92.8993690221117,143.299681147084,78,5745.25328725576,19569.1283660024
110.753466750779,96.9708562944085,86,20298.9839985967,71204.5863334541
114.541644593767,71.0201982929301,80,20937.5919774175,68168.2471075197
117.202418291913,164.295227316443,77,12262.5278383493,39712.9295361203
95.1377782230531,100.817753956587,77,19727.36697644,62130.2068151484
155.013113956475,116.2641234314,84,27531.5089151263,94249.0236683023
143.137584595659,131.875933373923,80,15945.9519609809,52750.1409076055
160.506623679864,86.2556254675383,81,26152.6655033231,86234.545366484
147.324424286836,101.290929193386,81,16604.9279496074,55274.7890387451
95.2781739228089,98.3045586030318,82,12562.9943609238,42516.0913320451
91.5964353128679,108.383143450726,79,1796.7029735446,6899.40309017224
101.67584816345,136.829051128918,78,15978.8082093,51544.2595276785
72.6254579298267,78.6102714246043,80,4334.86546576023,14858.2898723726
112.170704361088,104.118980246705,83,28706.2682658434,96880.060632451
115.521431948412,96.4136787601296,78,13183.2379847765,42473.6099218969
103.796858832906,89.3280895191057,80,25371.5557977557,82505.4108155407
154.546271599447,107.962935537589,87,15284.485720098,54755.1983318772
85.6858524683659,120.121657702346,76,27772.2330987453,86016.0854961253
92.1091150562174,133.298272502509,76,12710.6219306588,40217.1846413669
80.168562628248,156.982035273736,83,18016.5463984013,61692.3693853608
90.9059528092714,120.529606917468,80,16250.960983336,53510.1565629062
97.070867006902,90.4939009025803,81,19907.6025635004,65769.2401517535
102.391357545198,97.4462059599798,80,4459.82310175896,15475.0179019888
117.093574821673,154.710652554176,78,-697.835229337215,-428.863306682079
98.0836575315487,113.525387963086,79,8288.52469474077,27576.6176674885
106.844137564043,82.3882799440914,80,19394.846059382,63308.4134132135
126.974765761926,167.803978315632,85,371.911570429802,3215.48658949914
82.9088733028698,82.9098236119897,80,12884.2068612576,42352.8242789439
81.3818331486933,128.867432209351,81,-248.535379767418,597.34927298514
129.227110538386,131.66066798258,84,9685.28887629509,34129.855601384
72.7756469809518,71.4793102113593,73,20954.1044384241,62292.7679897911
100.350319731442,119.469136409099,85,-548.813372850418,-511.469623385981
145.817881727414,87.847321411148,74,-967.588603496552,-1676.21729755988
116.537230503825,140.033030038881,83,4736.97559535503,17344.8541009961
137.055105229257,109.022153324915,72,13728.6141961813,41020.4385184509
133.666717326675,96.5454779258408,78,9421.70713096857,30736.793833745
94.6496194941229,107.937632845665,78,14047.3472476006,45208.1634088432
81.3474738208127,108.044406756026,77,22099.7562408447,69531.6532975968
121.07314473537,121.892971627148,84,14801.525592804,51293.3875077917
97.6877842394569,130.550883394823,83,23490.2604147792,79667.8337130979
66.5312537113805,110.28756135586,82,1969.78010237217,7682.16055538695
99.0690996304626,128.390998353417,80,20259.9683627486,66446.5819181742
125.349702137575,125.314922430346,81,13142.6513195038,44168.7207470894
111.401936431682,148.152340336305,81,12789.8741587996,43214.2112735172
76.1747263495936,94.889538144486,87,439.095340669155,2649.36648641082
112.936961429261,123.273772018567,83,21989.1381636262,74643.9867194235
84.2040692052252,90.9812623136999,84,2747.31434881687,10300.4565763847
110.425460418389,129.267171088659,76,19135.3572234511,59858.7888346747
104.530012579876,111.210937884687,75,10356.0623973608,32465.1455316605
144.729532153775,131.203585813744,84,10892.6174938679,38263.3302212825
122.816620304521,109.368637462444,79,9580.89508861303,31692.4978408436
116.081279305882,111.824035522106,84,27182.3967024684,92936.3053516417
157.906089363522,148.878411753591,80,26845.0654447079,87946.4565444654
79.1876511934391,130.848394492431,82,23292.1979129314,78052.8004463035
92.6876130814801,121.045184873453,80,17939.7929683328,58971.2701929092
152.454593958435,97.8286943511719,80,7614.63682353497,25718.9364880335
133.391358432158,104.514099239587,74,24044.0291315317,72724.844922678
149.236357481803,132.542544394251,90,25543.5922369361,93800.3296170538
94.7240050308325,105.709780971445,77,27973.7137705088,87734.6639224048
86.4514134915316,92.6463518076219,74,28760.4147568345,86504.9684930743
129.715906866298,102.151058505605,80,24896.2263539433,81241.316877935
104.213719014382,101.641480012965,81,5806.16267025471,20070.6635507488
65.4984663479125,142.712462697065,81,15657.4112921953,52432.9659667146
156.658489870306,107.809070723362,75,27468.2660698891,84081.8964616022
149.887754342438,116.073252804829,86,24787.8900691867,86942.4947054465
126.36348204562,135.911754658274,79,23538.8651639223,76195.8814138847
107.954317310523,131.208589208668,79,29208.6989507079,94086.8762563752
116.427029445049,137.405490412599,77,27006.9229230285,85021.7037722351
113.72505199974,105.049174990232,74,27491.24994874,82896.9990633471
134.734342604146,112.348144780695,79,26054.2103499174,83981.2864158274
90.6768532768883,143.435804010963,82,1749.20363724232,7348.62327946522
116.255651868213,92.549538702388,78,21136.6194859147,67304.2982380972
115.432654093476,110.788983440461,79,29426.605515182,94617.1430195967
129.258161355837,126.260465767615,74,26018.910959363,78816.7132892309
145.657262521728,120.332366643883,82,18168.5239002109,61262.5486511611
114.038995380895,130.340203785619,81,1699.01686906815,7001.73061010252
148.881824054286,140.711506053396,83,13877.6784464717,47887.0538081481
86.5258121498778,78.4750348451686,69,20062.7002194524,56543.082990019
131.404399946326,131.736964496602,78,23738.94161731,75839.2592054621
127.704353843403,125.092039318274,80,4905.82028776407,17234.2259662691
94.4503004424531,113.184472654359,85,18288.3654609323,63634.1725972643
121.498829755266,132.665287641961,80,6642.4103230238,22892.5061434678
136.534158436858,124.209030174754,75,29649.3307575583,90697.1320015136
122.597602643297,90.7774123567031,85,21499.0228191018,74448.1397145417
141.891399065726,92.2116658484573,74,25927.8509318829,78213.8949205683
106.536493780833,84.8287295618426,77,6265.01210033894,20395.391922981
98.1956867988876,219.036127996165,85,25252.4232342839,88553.3098055811
140.14879716511,120.711402654825,74,15262.6425251365,46830.4733025007
75.1258863585397,107.615687041536,77,25220.6433564425,79116.1848725787
104.026077004668,111.852035929293,79,27831.200003624,89487.8964147559
139.824499488397,128.931956960521,74,9097.58545458317,28524.3401547901
115.004099627007,85.9662794787869,76,4516.16171747446,14824.4771294609
150.906509797556,150.155866074677,84,21342.0475423336,73726.0801521044
114.136893973575,85.051136250496,82,5210.21555364132,18222.274027465
169.578242363875,98.5539189470106,80,11591.1122709513,38519.6661713565
163.578753050302,90.6664113917902,79,10139.3891945481,33451.1534844278
151.118876150081,143.885721482823,78,15273.4299376607,49575.7334810204
107.545435654241,89.6328760863945,78,29022.8075161576,91973.8144983536
138.042948326278,145.755503100913,82,28442.0578256249,95276.1860055962
107.478811116185,101.947254775658,84,365.315370261669,2454.06779059358
113.9400385273,119.678860523629,83,4306.27279728651,15723.5036785112
156.780910546608,160.535649927416,82,13449.5711326599,46164.4456321377
102.728911139096,111.393173989051,75,27253.6256760359,83301.6643661658
124.301457533632,102.825536927028,78,10998.9595264196,35654.0569701479
107.320247803703,108.683606890161,80,21073.8049298525,68918.3442018272
108.845097333867,82.0691777158611,81,21879.7125965357,72143.1774494269
101.808589577995,167.466947334471,71,24395.0127139688,71390.596183834
120.666528716765,117.738193367507,79,7485.46538501978,25129.6094944272
169.960160378554,115.96560966766,76,23739.5084574819,73910.9636269044
110.616181682802,110.156487026256,77,19007.8354403377,60045.9348478112
95.6065126898884,128.59347359138,83,7258.55785608292,25578.0342595409
137.778335422081,75.0705360223339,91,742.121629416943,3738.9026622785
79.980303220392,169.801675329574,83,1421.91635817289,6554.99812880409
96.0385114394661,127.358770515905,83,14239.7083565593,48813.3501306118
136.893171535728,104.190978415931,80,5074.69802349806,17582.6278985058
91.778900943159,111.059703752202,84,24716.5818288922,84542.8656812971
143.743873879826,79.8037432316438,81,15026.31611377,49958.9927308303
98.970064707043,104.018760321624,75,11280.0147011876,35195.2757991804
131.167854170005,97.398154370254,83,10118.7136843801,34901.5958593973
103.703330659683,74.9736236889874,79,18279.3849408627,58944.4236722556
64.3343986603414,125.493463152684,71,17457.0062160492,51074.1271855858
113.630175785584,94.8564833327702,78,22812.793597579,72566.5116903735
103.287018026036,109.642129643577,71,23287.2944548726,67657.2428745836
148.945724025817,97.9659804656004,83,4738.24556916952,17035.1465174832
102.764641309731,94.5251406486333,77,211.979292333126,1810.92968509778
135.753320830798,77.860598975569,80,8991.84542894363,29949.9182451873
126.3224730411,147.36267986363,77,22743.5852140188,71939.2467195887
113.989637571528,103.892914252297,75,20613.9413565397,63239.3238493225
99.7120557619402,163.507240543925,76,17086.5763500333,53915.1543411645
99.9858763827995,133.106602024957,79,9311.18138879538,31011.0646405945
92.1409029433614,122.656032362628,87,2348.86939823627,9594.21788563847
110.917272997314,90.6387671828008,77,20464.6461680532,64362.1674269409
80.2873306121977,136.33943397582,82,3152.43151783943,11813.1984819589
87.6710356344849,119.063752218532,74,14394.3784981966,44075.3495166508
127.528388344636,88.0132356952919,80,13946.9473212957,45906.0631244054
111.591076895353,92.3685017943896,83,9806.12314492464,33780.4441402941
176.045156091683,133.547877931915,83,12199.6681839228,42318.8466735494
101.732205209899,126.590885043833,83,25013.7825831771,84727.0759364771
158.196180158528,125.335221745872,79,8300.09176582098,27845.3580288448
88.4745632737424,140.940521302319,80,1892.60873198509,7619.78149802378
147.04975825506,120.343122806981,84,4089.03931081295,15277.1824146426
113.633935468439,134.893832606821,77,23913.7667715549,75416.1232204622
103.594006959431,118.611252761441,77,19099.1248264909,60359.7741489741
113.112877085865,114.722195705121,81,7024.18740093708,24168.7723797313
103.807681675004,66.69510209801,84,26494.2398816347,90219.8473196745
117.963251845906,88.5975126985177,81,25567.2982335091,84256.3571493288
131.337301854815,99.9427656583271,84,-1447.34987616539,-3636.68030095691
55.5063528278003,93.9520435013978,83,11134.2312321067,38095.840940714
97.954329513343,122.016095281171,82,27774.0046307445,92740.2644583227
154.349748252248,152.632376974019,83,6452.31378823519,23332.6378874454
133.196258825062,80.1939709664828,74,1311.91325932741,5017.75338775145
144.155141437477,106.055149976019,82,12318.5397610068,41876.6093877905
109.089998893245,140.135312006122,83,16048.2473596931,55025.708928324
132.069248491679,114.301453153064,84,28418.5526221991,97156.5388518373
95.2837685114285,122.621096197981,87,16346.3067635894,58419.5266564678
125.098214111781,98.624152064513,77,-1310.65613776445,-2819.33433672986
80.3631627912993,123.782704455717,77,17089.5370095968,54180.5361220539
111.083253565712,167.98036077124,84,5896.66178822517,21725.4939980925
126.416872597632,143.465035542917,89,17572.1260160208,64378.6439015296
181.544856688572,87.9778530263177,82,16305.6956157088,54919.3761196812
117.026407652144,155.375248244358,76,4675.78531056643,15970.5352785588
110.256787204846,88.7524360950356,74,17077.4895772338,51829.2384671996
118.787683681296,110.827196936954,75,3583.45403522253,12095.8307059704
118.728271448489,104.385437423826,82,19123.1599450111,64174.7659767759
140.592386500048,130.544118134553,81,25416.9361889362,84140.9970600321
140.685175565769,105.193086225386,81,9771.15031331778,33071.5320355701
108.048273544505,180.122854760427,79,6423.21388423443,22357.2173240788
104.690863344869,116.950329268183,78,17588.1891027093,56440.0343362061
115.696402711834,88.7373970111722,76,13770.9948197007,43136.1234410736
137.761381488962,96.5019920674577,74,12632.6611191034,38755.621377528
157.488320936803,85.5192151697054,82,10333.2715779543,35166.8568790493
78.3175700643426,110.208497202665,80,15466.1678746343,50882.7521051838
102.572116186689,103.495975069226,80,15017.2767564654,49415.7569244286
124.41881432556,89.5719249819046,79,3482.95453190804,12198.762722999
152.552570957488,94.0178439894788,82,8261.39038801193,28428.5627266758
119.280365295958,131.505711773439,77,16553.8025200367,52668.5146815391
159.500924835737,109.327901886154,85,2991.08355492353,11619.9066230795
106.077201708294,80.7593391382299,82,9034.60549563169,30699.4557056082
133.626893226236,126.034803116772,80,3447.52813875675,12549.9773109101
123.264256927478,121.392347471775,82,29474.8848155141,98392.4414503221
99.8455782348714,81.7979582489609,78,23245.2995702624,73793.8307841252
122.823732917506,117.372359917451,80,3628.78702580929,13041.0289358257
96.1442428813516,135.248303555204,79,6683.53446573019,22703.2220808169
128.448385390708,187.454447537593,76,3103.87015342712,11579.6245477249
154.464139221791,79.8028907881054,78,21954.715333879,69817.8767753011
144.966233691808,113.257890004841,80,21992.2252744436,72061.7427640724
77.2535567198834,126.045174354146,82,6314.55606222153,22139.8569528067
119.001780386308,128.474619302827,77,8740.10177701712,28481.7548691695
132.894567444057,127.429074613799,86,6998.59306961298,25671.6479984029
86.7954758565723,166.076074501338,73,4995.72740495205,16461.6840938771
123.192695495109,147.908690858801,74,21607.1740761399,65882.3599667515
140.764599235412,123.177341992055,83,1130.71785122156,5254.33114477354
134.697836557324,100.296806415974,86,25549.0918233991,89368.7273588233
123.352689870799,97.9525516583681,84,7875.18518418074,27731.0769521547
94.4057773259499,124.778765703582,79,27502.7179792523,88561.6975938878
136.635919946327,78.948550040833,82,24579.4620066881,81947.3569874455
94.7464029710176,129.132340633165,78,29317.7992850542,93233.9306047318
131.923636332603,56.0504212034762,82,7364.00330811739,25114.3024679635
106.218965452975,126.130605717819,73,28130.535684526,83871.6757866864
129.208539950797,125.579057753313,80,16915.0279313326,55789.2394368849
125.01347652024,123.226461437838,69,23785.2417901158,67347.2706226609
107.130544094731,126.655186431899,80,12741.039134562,42309.8873946455
142.304618534683,100.198651934769,82,11037.0491296053,37543.6920020738
117.557219080648,145.360399048132,74,27989.3122464418,84809.8890543468
112.030284222925,112.93099484441,83,13504.8982948065,46302.4952954922
95.2029034507717,94.4631181164309,83,16822.9499384761,57146.7872952614
128.702299265161,138.548342057428,76,26118.5758858919,81276.4233808477
165.110096576803,122.056379376333,80,17624.1069957614,58145.6682035188
143.061946944733,101.326431941588,84,8880.17250597477,31201.5009305439
118.239394120546,118.989643766565,74,-1955.58079332113,-4401.49258659016
142.268726070458,125.570604729776,75,18587.9300683737,57455.1080232359
168.09985943716,100.788154558415,80,13572.6795867085,44915.4721693649
139.492950600277,131.96531970505,84,9828.89577746391,34669.2270494056
91.8739963822669,127.970831106744,86,25246.0171505809,88506.0606524149
106.421357840732,91.3870143157684,77,1707.72917568684,6442.2664146984
144.961375760573,112.054424381523,67,2352.87088155746,7729.32279562068
113.431555171137,113.190786134342,77,26836.0485583544,84222.0382496916
106.018259160111,95.9973208910604,81,22357.2969436646,73821.5107906343
164.700463105817,149.812423723773,80,3678.76399308443,13592.6550190357
61.259240609685,54.0708681391609,87,8090.17762541771,28976.3785263571
116.027573341033,125.658511742686,74,18504.9175024033,56448.2057024456
96.4996292475012,98.5629010697228,82,10821.3757500052,36754.9409195024
122.790784693447,120.47533270543,84,1660.77650338411,7030.77551351286
93.0169494115113,114.032027183173,88,21751.3255551457,78044.9196461031
124.178607253729,136.351893079867,75,-1028.89084070921,-1539.01546631985
108.646906642654,139.912643346788,76,6411.42988204956,21139.1045552589
97.9874166301788,138.571862705693,81,-1986.35047674179,-4897.50674771263
115.958543533883,117.632308035677,77,19329.7258540988,61131.2069531524
87.9556488177647,86.7169937231993,81,11353.8054898381,37891.3658593238
125.306817896929,120.119413948124,80,21321.0578858852,69893.7687632392
134.582472218849,103.42508009015,84,23645.1039761305,80952.0281233879
84.8836660683932,103.404871805483,86,9386.0739916563,33563.2414974037
80.5189813855628,116.88808964269,82,5093.88237446547,18048.3578274074
123.847947334493,104.480205192684,83,12511.1770629883,42910.2778172163
94.2149503553299,122.802999091109,81,-603.170186281204,-544.295107677179
68.0171341648352,115.602280337055,81,18459.8128944635,61236.8359395442
57.5919146080432,146.085819583525,80,2182.69069492817,8510.65157509618
99.1899998225569,135.941719641086,75,23582.1101218462,72475.1506035903
135.055935543339,121.603961558708,84,17847.3138585687,61582.6185379102
130.732388242949,100.400115847192,76,21833.8319286704,67870.0633920744
112.722957741788,105.093383451037,91,9685.14557927847,36593.1483000387
163.003365229312,83.5623261679037,83,7708.02899450064,26858.244144418
160.71786596915,119.709911844422,83,10759.2776864767,37309.7043619467
116.803623409048,102.292479977556,83,9722.36882150173,33619.7735575021
91.7748569908367,110.533553426379,78,28924.8160123825,91818.0411484638
126.613797852163,86.9176242802998,80,24486.8542328477,79758.4330337618
120.250139979019,98.6780257011418,86,-231.660470366478,396.933067397761
158.197639047267,143.535391615043,81,28712.4785482883,95036.7674490147
135.748806612096,102.803649864309,82,-1194.69444453716,-2631.27920840135
119.867438471927,99.5652744680114,79,23844.6633368731,76818.2158117195
114.190354341151,119.127143180684,80,16391.9034749269,54016.5439348134
141.895007939866,150.483303447881,78,11956.1802893877,39175.9761904404
133.408841103441,74.2018498937014,85,28057.9720586538,96688.9006921892
116.882140004912,147.240396166419,83,15532.5941890478,53393.8962711367
157.746794292214,130.85233032608,79,1353.15725207329,5912.52140768584
102.556275945271,95.6499751433203,85,25150.3393128514,86942.3828750226
100.992241457296,101.464387105817,85,28078.3199295402,96973.8226838022
127.508368131669,109.101607032607,81,19043.3131977916,63215.9174999761
153.540601209699,148.598015296731,83,6511.8221193552,23484.9860846991
119.818392919182,120.341662801922,79,-785.499155521393,-1074.69932119646
136.626226247213,109.031326067721,79,3966.41978621483,13919.3536578705
102.389481008788,157.260587202213,73,24540.6669303775,73626.3680628133
139.228129888905,103.814822500626,77,13713.2398113608,43656.8977116755
102.06875707454,140.209991325396,82,10868.2410120964,37322.3665195695
101.136292415371,123.632200028498,85,22343.9925909042,77568.3104689506
76.0715439513954,132.635290520336,87,12451.8524482846,44894.8941792316
157.566591299671,128.690522089068,75,-362.848222255707,477.612620338324
123.992469020511,113.142340972799,77,10180.7487085462,32790.8329553622
162.335321838221,119.455859342514,77,27254.2766928673,85709.8241787368
95.501906377376,116.835774687392,78,3976.38479620218,13769.0263047032
148.718889845003,102.977642939718,83,14705.4136320949,50273.421274743
89.1761506317266,146.559830690482,85,19088.1107896566,66715.5006286734
46.0425075283589,111.897854990847,87,18773.7024948001,66628.3884116199
129.957339412743,117.023556619727,84,22179.9696162343,76119.3544817239
164.242485994442,129.378646928708,83,-415.060728788376,208.632403974526
187.179708690911,98.3112235543834,81,539.469413459301,3153.01100935728
100.801395384112,90.9047219584041,72,25172.753572464,73834.1744336061
121.23597269885,94.9492701319924,84,22304.4175505638,76309.3107576846
135.844336845391,107.128965264683,78,208.537571132183,1967.11740951614
137.220637392485,118.023102844601,81,13372.1573203802,44872.1817677681
130.058020476889,107.312787929863,82,379.239901900291,2526.76106538293
109.042417611548,121.931347054303,79,8509.57554578781,28336.4581235032
77.325705401069,115.309466695315,83,11590.6021893024,39893.6033970583
108.896187192373,126.825003198714,83,5463.19501101971,19659.4644083089
85.346495809149,57.6028489240449,78,12605.6339070201,40240.5987627308
130.951602023162,85.8433164993981,75,6702.16077566147,21289.7139524409
134.174982493661,110.912546010896,81,23556.9513589144,77856.7973949038
124.242231604282,111.867983765347,82,10297.893255949,35231.0470419165
125.100230638187,90.4593058539556,78,21400.6527364254,68144.1015474847
133.592182980231,152.455344185976,81,13325.3745138645,45087.4549875454
144.049425699666,86.7735119998737,72,18148.4273150563,53601.452042889
131.246952177309,166.082693324451,76,10692.3640966415,34507.9248699785
36.2337642949541,157.944742798443,82,28205.5372670293,94398.6980613104
121.905022514012,86.0575478266798,76,2706.90777897835,9362.1670456557
117.188806670172,88.9255928960795,77,22880.1886290312,71814.0145756349
132.220609514593,80.5405509475663,82,4011.95932924747,14276.1385757064
113.727811888221,93.1454927245466,72,15020.9284350276,44570.955710215
148.652519027518,74.6860825182977,75,8237.26187646389,25862.1277619335
88.5641295455665,84.2624571993432,82,-1092.52953529358,-2597.43112541747
81.9578076247278,81.288401497852,85,12701.0036706924,44315.4551252672
117.692096880152,115.45353791397,74,27134.5181837678,81923.6801417442
138.089730252237,127.373976260721,84,11036.3571047783,38768.7594474993
85.8659140459702,97.426077936934,81,8484.59132015705,28730.0347563173
136.653228370961,122.124381408099,81,25772.0001786947,85222.3499641138
125.337584698338,115.22705371624,78,-163.660690188408,870.860465901594
162.261370702075,100.014045818376,83,269.022859632969,2235.05010649437
100.231055965885,93.3988651839612,79,3958.47181975842,13659.4603742369
77.6799002389078,101.180230325024,80,20678.0266463757,67511.8287841744
110.137196575323,122.550913571594,82,12775.1731872559,43449.7577118182
173.814116063548,99.6576731177256,77,-1006.277538836,-1770.59751006362
130.826506663193,90.6498496451599,83,23191.3986355066,78410.8206165604
59.649926220239,99.9622568200321,81,13102.4506166577,43674.9610637087
66.7665213980977,72.6030045980437,80,6953.13361287117,23246.7139199617
131.245701182352,122.214604892222,76,28149.1773873568,87304.2358875765
89.138543352154,94.9441061264143,78,21969.4808349013,69823.8077856228
140.344428508172,93.3819190791885,81,6304.05775457621,21709.5175292228
96.6278680728767,89.1326131171863,83,18096.8297719955,61310.7822663153
144.282050426579,119.548705621639,82,-1280.99921345711,-2736.17989175739
114.614544723419,128.582092623004,80,12638.1652802229,42051.1495526696
150.156572759469,143.251889785202,85,16152.4385884404,56825.2809954067
112.165116713994,123.451067004553,78,24940.3900802135,79468.2053871801
147.070887142227,147.963208096811,85,-1313.56313824654,-2731.45753409093
156.668184104165,117.278285271686,86,20376.5521198511,71775.8167739021
111.27530835989,81.8938311416657,81,24328.4287154675,80157.2168925765
121.750417636803,134.126854057336,81,6771.32952958345,23579.654257987
66.0777944553068,123.031161862956,78,9876.33385509253,32221.5562025045
123.011581991019,117.827317700349,80,10819.7401314974,36129.8276491798
97.2144387250431,126.431404615042,81,16545.148216188,55168.745409734
172.704678183693,99.4763432713925,81,20858.8935881853,69146.2360855816
76.3905302182908,106.886615242107,78,22640.1828527451,72032.4993288179
122.667881921855,94.0767505651072,85,10561.6971552372,37186.8986824434
142.69656872611,102.693808725882,74,15922.3734587431,48566.9393155882
113.147417135653,124.876049391582,82,3506.22537732124,12987.6161293265
113.348321235423,90.4653664142808,79,10644.3376541138,34865.9321455408
96.5272986976391,91.122759683571,84,12226.7485558987,42327.9929470722
107.559688501381,101.985199317017,86,23861.562654376,83565.7167036062
127.871241088555,112.626227371446,82,5146.52616530657,18266.592910024
109.194220147158,156.747182823603,77,13385.689124465,43103.3690096677
133.563474797946,95.7731897388099,81,27524.0027680993,90666.0544996505
151.11307847533,89.4342288083851,78,-1429.93100732565,-3243.06788597529
146.994766611145,116.491048377339,74,19031.7613556981,57995.5259902334
123.93367047224,151.348695696895,80,9748.64675849676,33013.4699991179
129.975554141128,86.2062638399585,83,-1139.27987217903,-2616.57505425916
119.603574253031,93.8112931830373,78,1023.54224026203,4392.84622456687
142.581354761467,128.889115538065,78,9491.27709120512,31232.4679673948
119.073829535067,121.808575140749,84,569.628521800041,3328.48669011756
115.172064151231,142.822199957101,80,21089.0603587031,69380.981661733
108.190755861942,60.0664579417076,78,10101.9498109818,32472.2762119658
124.760373082459,130.570864662444,83,-907.864131033421,-1507.73946470331
116.333151530811,150.965418617917,83,29166.040033102,98838.1276062266
100.431342657547,98.8087868525345,78,3334.43114161491,11555.9744931228
157.184266398213,113.261928907341,80,4433.3376288414,15679.2076434431
117.547401520843,89.9941078778912,79,10854.475453496,35567.677503467
137.944520459948,121.782169273234,80,11196.2560117245,37390.1060562735
95.7105995152821,95.3808063322929,84,15441.3070231676,53199.8817881696
116.17368580923,146.98465200856,76,7589.72582966089,24829.0441188803
109.382377139005,124.423592634393,78,12084.5932066441,39231.2508530144
144.427046479027,117.226323659299,82,7160.94522178173,25010.0872103884
158.993552541222,103.477948586465,71,16464.5419493318,48261.2561554671
109.117116696796,116.712416873606,81,1320.55339217186,5633.99440908584
95.1258012413078,111.126180587886,81,15599.37351197,51945.7843579487
101.159833387319,85.432240367606,81,25657.5646400452,84426.6162562471
112.813036615753,110.87559875273,84,512.262038886547,3058.64000464444
128.077812006681,122.286570662925,84,3970.17215937376,14812.9184739574
99.3547140323332,125.612452312312,85,7387.58844137192,26583.3811111872
128.028138979436,120.464053280528,77,16028.8587510586,50954.1699672369
117.589764071661,75.7529102592786,78,512.850500643253,2601.29188467172
121.605793871157,85.9184566205641,86,11996.9177171588,42517.1495589368
133.334455160536,120.741621463477,81,29437.794983387,97091.1960211415
125.170042047684,133.705727744681,73,6018.54734122753,19157.1746187762
119.064843037875,122.249700870478,79,2898.63276481628,10641.2824784877
141.573042465473,92.8883148936438,77,21397.6485356688,67342.2318366713
140.484512100858,116.787476296155,77,5316.67575985193,17821.1404993869
144.519426621044,74.7018329930897,80,6806.00528419018,22904.8321646761
94.5507592550721,156.098709546601,81,10322.2684860229,35257.372024717
133.155854450189,94.7799645068343,79,27687.8600642085,88966.1892624715
113.585256144488,114.81943545015,82,19593.0865779519,65773.7226926496
127.324417819697,77.2353791689677,86,29150.0630006194,101600.766501756
161.400681969531,103.125246873708,76,20778.3251926303,64694.9200541048
110.227377123083,70.1187090367527,81,15973.4765216708,52891.1567011607
174.67628344065,110.507530502386,81,20941.1621242762,69522.6481795643
101.06906475948,105.796048109676,81,-797.31572419405,-1337.03613352578
109.003848121937,113.468221066912,75,-1348.10025244951,-2733.42283793125
80.0198560867213,123.42766179818,83,15256.2547922134,52157.628639686
90.7245694491731,97.3427121858538,76,263.841673731804,1915.12639627704
131.737297539491,111.772949142026,84,22807.046636939,78223.1879784021
98.3242595968849,66.6850338499911,80,-1538.33685815334,-4044.09481262346
94.8208827415304,97.3908009216517,85,23740.1060163975,82076.142458626
96.0737096460114,138.495063724084,82,17791.1836951971,60064.3712903531
108.889942877969,120.199534001026,75,7339.1316011548,23441.121670906
105.081839132655,159.942859374639,81,24861.5487292409,82579.964787877
132.751498089249,103.264115064333,84,19113.3100688457,65694.3259560429
119.616395987955,143.446555629891,81,19931.5269812942,66379.518530122
144.639861843949,135.187741793172,85,22921.9083636999,79802.902055922
156.671749925287,122.761552350464,85,29299.3690818548,101442.472411571
67.7663783816508,129.630102438816,79,29697.8514418006,95512.6300901551
158.009259500579,111.594739437019,82,28371.7882111669,94780.6020288087
143.119512976009,140.000863342251,81,5618.60134452581,19902.2864505145
130.458288024184,141.707820369511,83,28023.5965847969,94962.2269594431
138.289174354815,99.2594356778335,77,-1193.99136304855,-2440.9110446226
136.226761856997,87.3168066010296,84,20736.4645078778,71053.8618913307
76.721480474724,93.4495117198243,81,27943.9601898193,91884.8943331003
134.247734967832,116.309084879614,78,2627.97609716654,9628.84752421765
88.4876032022237,112.188178666473,84,28301.5579283237,96630.9151582465
128.333077092897,139.940623539052,75,14092.4636274576,44084.8147310546
124.949613373287,125.387993098415,75,15988.8573884964,49607.8373135951
136.969822651119,87.3922607561852,70,29515.6091973186,84077.2103715721
104.77127004181,99.318569900225,88,5613.34107071161,20945.8876050462
178.902924984393,91.8862102560712,78,25626.4901980758,81482.6260146533
132.161442515952,115.633812417767,84,19663.2134616375,67698.1339657279
141.644006415601,113.302686989223,79,26916.7253151536,86726.2054929584
131.33746724549,85.8290763777199,78,4214.98695015907,14303.3719261736
84.7734125408631,140.112856997272,77,9870.92917412519,32041.7930062334
115.936878593657,85.643106485625,79,12477.8245016932,40653.6287870597
129.104038690731,70.9040593319267,77,14135.2372542024,44608.4957054918
103.390346191368,153.76950150671,86,17036.2680181861,60489.8157578866
117.156171314874,97.4783386719766,77,17685.641720891,55827.8937058033
135.593546877815,102.912427478176,80,9180.14001846313,30755.4523264873
139.862201226861,128.316122757496,81,21012.8939524293,69821.6312309335
153.75710451498,97.6340256387277,87,16338.4457603097,58324.4489013845
123.242855321029,128.516958106422,80,2246.93474173546,8710.06997147408
100.830222226328,126.884078305171,72,27405.6570604444,80623.9908452034
140.07682047996,102.066516954649,83,6212.50455826521,21992.2412071868
143.279511153243,121.689427193112,82,14537.1220484376,49336.7509125377
134.015238260149,133.677698075493,77,17250.9606853127,54897.3710659762
170.66797588474,89.9672555945714,87,758.801102638245,3922.68212246155
132.680622453936,112.513353703815,75,7068.23555380106,22679.3352306752
107.123205046549,118.850200463103,77,11120.133690536,35722.3054107648
130.344874395241,86.8642042992584,84,20682.3649927974,70841.0847367885
122.230024312883,97.5705111739444,79,12198.4104812145,39874.0705023623
119.129400106822,117.920920344689,82,20903.3204615116,70172.1653888688
88.572278400466,96.2506427704096,79,17211.885355413,55644.3123584437
119.651270187783,135.43351418317,81,20216.0568535328,67259.7449542409
107.875359183427,113.167263067111,84,2178.3636584878,8614.25986613397
106.315656642887,123.687986367882,76,23089.4497260451,71814.0484303503
130.386243710513,130.500962848769,74,17112.5761717558,52363.2082653194
135.829944972278,85.9237370994467,76,13411.8965268135,42033.7443384283
112.728212171825,103.757974264587,75,533.131308853626,2835.04571255445
101.311966009956,101.290048257098,77,21448.4242498875,67487.6372674081
144.219704240157,97.0424532780279,81,25765.4576078057,84970.6814224245
101.146203993581,180.309444974003,82,3101.07067972422,12202.586846748
169.503107029896,75.2004389265035,77,20660.1951792836,64971.1271082878
118.63812325264,106.484453182615,85,6748.29820543528,24290.7139876448
119.160932590073,130.127113195834,78,989.904142916203,4641.58968878996
130.928032657819,125.166104892933,79,14101.8172726035,46206.4234402325
91.495922647384,101.449561397281,74,26140.3015851974,78795.1870406613
139.943326292706,179.140112631763,88,10680.3088635206,39808.1679232879
174.764232545678,129.108702976897,82,10232.1343123913,35257.2500799496
152.739710048008,142.723424525467,86,28836.6943970323,101208.870571114
135.539744640759,176.792943172752,78,27092.1637043357,86839.309334813
128.828512882511,128.207337296212,84,24068.187110126,82634.8004344559
80.5389202126338,58.4341266596305,83,14850.9097993374,50277.2933158279
110.847372970185,122.761460456577,87,10989.3352761865,39781.8670937568
125.113006211424,124.690907094593,78,22416.0715714097,71637.9280935042
111.121546075305,97.8553538964299,88,26837.9015401006,95911.2236325721
137.905325802119,110.633088182432,73,18027.5759547949,54186.8316435882
146.823376855347,95.3519972591218,79,2480.92464357615,9098.41654334671
126.388203916539,102.232807759147,66,12820.4249814153,35193.2255687327
144.518039671573,94.6188447941078,77,26352.0772233605,82673.8783636615
119.694571627551,162.05460848546,76,23283.5824713111,72836.8717681287
99.743961608901,118.35934838041,79,24049.3177101016,77566.6121596893
137.055243659987,122.988666460833,86,-1527.14566141367,-3798.40852502149
128.913014614585,84.3437911402931,89,-555.33230304718,-870.456516269957
151.161654070233,127.032915694734,83,24556.4316660166,83312.18855746
102.607867355038,124.117879982367,78,3229.20309752226,11527.6235515137
116.130777263313,101.127442543083,75,19915.4204279184,61191.9321529512
99.3781802292971,95.6602899031909,77,26309.3440309167,82443.4320090188
108.773089205529,131.835997737315,76,23449.3499919772,72990.2717817204
153.124827342453,117.026081835542,84,17125.8063912392,59169.7562637945
103.852994880225,109.746946939254,78,16413.0125716329,52663.4941802697
131.698286343592,89.9602480824631,86,1699.60254430771,7025.95622631995
123.03071595182,122.703656045134,81,13413.4580641985,45051.6746741317
141.378304501976,88.7043242286443,73,13769.4844156504,41484.8054781406
110.953305084526,109.67921657464,81,25013.4531408548,82637.7615943025
91.6701012762793,181.509697473842,73,7923.00150543451,25188.9913223629
145.463935014467,143.685284316197,78,13452.5355249643,43776.0843024214
164.61620764003,63.4925798467688,81,8699.08114522696,29283.3579915073
107.207925737572,109.647862571726,85,6059.66798216105,21965.8708959641
116.192891926889,94.7383762371522,88,20127.2801533341,72238.349811836
88.5770532961126,120.611153236488,81,1260.64593344927,5414.49324974282
125.412068267624,76.0755183571345,80,27513.8342007995,89328.6073934507
106.50533204288,109.220750917464,80,13838.97793293,45665.0063551872
157.155130262876,111.868075501715,77,5929.07200753689,19750.3734782765
151.458033400317,155.240470430212,81,9376.67485326529,32317.3325814248
92.2821518739047,93.6643728523482,82,18155.9626460075,60849.0519860442
113.980440563313,80.6036478244835,76,-487.253867089748,-424.776055718196
130.667867742206,127.122691469577,85,11940.9723803401,42237.0227824799
100.774011081992,87.340978263048,83,28655.8468788862,96509.4730880619
87.8110483474802,137.122316492615,80,26970.1402410865,88068.6576743466
120.908005785629,138.005023548487,82,20570.4307407141,69267.9475135294
163.248862042481,127.308862617796,80,-668.141484260559,-556.163805364655
104.6766319199,142.143646519359,85,14162.1979251504,49918.8201064683
120.148021923058,125.750475447089,85,4156.54722601175,15647.7647872388
154.15622213933,91.6291901835329,78,22536.3121032715,71770.784941582
95.7700348052173,116.939495581039,85,12995.7382827997,45668.3664320902
167.957439714988,110.001615737157,77,22856.8063899875,72072.5101403654
150.047606285667,87.1961670453476,85,27198.8384723663,93950.8587691367
115.119133903542,107.803910387966,82,2614.1949519515,9925.49158466983
113.236409284236,125.493121835835,77,14267.7467688918,45499.4659971598
134.336198576284,171.420079988144,87,15045.8434820175,54522.1667817669
157.990362504069,95.0522807600041,79,6355.69920390844,21404.2767616567
80.8725999533806,96.1915193737705,75,3026.30808204412,10192.7625224729
109.576891078455,111.175839822665,70,15989.8995831609,46192.6003266993
118.714124392982,145.997335319461,84,5956.22746646404,21747.3323735472
142.564883642666,114.318483421124,85,19455.0126567483,67726.9887354235
111.242927178375,128.889362237047,88,15726.8617525697,57030.0946400097
71.8622152027693,141.441415048533,83,17665.3110310435,60306.8151603558
97.2955110716781,95.2593386781135,78,12498.5690563917,40230.7814064079
109.672300668883,176.618730238095,79,28086.2465575337,91036.8849018671
108.480116300478,133.332278975604,76,19547.8481799364,61107.0259171985
107.037581918281,112.557962192961,80,748.316138982773,3695.55052175429
112.960376772668,100.617215578027,83,23872.9880005121,80710.6786252893
100.310972728808,155.148910556557,79,20423.9241480827,66435.6838580771
140.941893705885,106.124974545256,77,29769.7793021798,93329.7679737802
119.531018588952,93.0802154775526,78,18803.2572194934,59972.6929795525
130.789951579022,81.0162523553683,84,12852.2090315819,44415.2606476115
119.358962581965,123.275101195623,83,3461.98990941048,12974.6738871456
90.2633479245822,119.86699300463,79,13135.2285519242,42999.4154001698
110.633642237111,154.813376531007,75,20002.0996257663,61966.6022300429
148.198141946264,121.693523474324,74,8312.73165345192,26211.3664231332
103.242433874507,162.444494774098,82,23905.1282554865,80459.3294498128
130.359850997267,115.429748833508,82,27868.465706706,93079.1886733919
120.241727461681,131.03633588589,78,18346.7390686274,58936.9775937047
132.653486158449,129.987350177394,88,7880.85819780827,29356.6137735974
94.2615005083369,124.5792280996,82,7208.19752663374,25143.1693923331
114.839991432685,116.516798221089,75,16726.3580411673,51704.0977993845
75.5102372168872,107.315939773608,81,3192.23342835903,11552.752828184
137.826889208768,96.3743337295884,75,8047.86107689142,25468.139764848
144.134234159902,158.638007441976,77,15450.5161270499,49601.3742951425
107.848907632752,101.561827264836,79,1150.39303153753,4911.84570620522
111.709999653782,131.907916937528,79,11965.2725383639,39472.7893088103
126.922470522695,57.340628561173,72,27551.3656586409,80517.4728390071
121.542479403706,112.99350763917,82,20323.4854191542,68209.1838111777
115.074255827233,100.373696862361,76,3111.94390058517,10677.9781240972
118.200646386328,143.919507572311,82,22795.4549863935,76592.9150433446
108.154793534303,109.909048838938,83,22945.3435465693,77697.0884266666
103.139164261008,146.912027672551,80,26511.0007449985,86685.6792639826
118.950411776007,112.006108512337,84,17497.6386502385,60314.4025178604
84.3505046111027,120.215350821274,80,2494.50532346964,9315.28408182602
105.500138449417,81.3145431470799,74,28577.2809237242,85955.3715798627
118.20289499056,93.6126359176838,81,-1131.15762174129,-2509.50671829621
144.996871807299,143.675391161803,78,4953.95784080029,17193.4556677455
127.810039788585,144.827135728294,83,10016.3155570626,35046.135529263
77.9858450646672,100.827823054719,75,20688.3240416646,63401.8982764201
79.7013789953957,105.523044238192,84,9751.47479772568,34017.2356048476
104.783877689613,85.6182676143496,80,23353.3004745841,76069.237394652
132.385923492789,75.9547974747357,75,12764.488004148,39454.2146103632
120.794969004266,122.388687801287,75,25572.0554068685,78436.4738489368
106.385256975592,111.222073608653,78,18857.5035557151,60344.3986634904
107.427358792819,104.478725151253,66,28362.7566993237,76421.1738189049
112.369166799435,138.780625290233,82,2110.11776328087,8508.71141941441
133.053904553004,126.48831197016,81,3291.66974872351,12202.9583033824
120.419046988079,133.566173167367,79,25014.112599194,80814.6578009594
66.0730409996521,155.577679381807,77,20472.9785397649,64898.9364558233
141.54097055616,122.011728039676,80,26572.1038356423,86792.9517910798
79.7256569477311,128.549621968609,78,348.662763834,2486.64102697808
89.3831491653931,148.520440584779,79,6706.04772120714,22884.8527053621
108.977326039212,118.906135699542,84,20600.5145832896,70808.0218027322
98.3587129425873,132.987796828262,80,2412.79149800539,9255.4939019606
121.953545221902,146.647981947633,77,20980.237364769,66499.2622865555
112.404946594101,126.820730246586,75,-373.034842312336,302.546796561341
99.850889642275,153.075718901578,78,10708.6025848985,35209.3103737695
92.0733764772796,82.0071327558948,85,16908.992767334,58674.4945011542
87.1325367036384,119.080449774006,75,19245.1745420694,59217.0639797591
106.152698870135,116.935613102954,82,17471.465870738,58842.084129898
137.942658541267,102.877828564407,76,3760.87038964033,12786.5081860446
81.6125770316931,143.377376877641,78,18612.3019084334,59871.8617240572
84.3239574792001,124.311200480046,86,14565.2382820845,51627.1510523839
102.530727032132,128.057640355221,83,14522.7322950959,49804.2531481792
152.339429731245,74.0207137627729,80,27650.7674828172,89834.4095723323
74.4208281167916,61.8589331027286,79,25725.4114672542,82333.257194127
128.296130197141,133.949558092759,76,24259.7274184227,75572.1983452953
131.385353611152,108.829768903837,83,15560.1904690266,53139.51643161
116.64123333192,103.89881776562,83,3265.05362987518,12152.5769641638
85.7136175952521,90.2543782001904,84,2911.1844971776,10853.671595812
144.892413949994,93.2918652120244,76,14622.9865178466,45813.9637599065
153.76357679781,136.173913362571,79,15336.542584002,50259.1613266608
115.929097809994,153.440847662772,82,25226.3350784779,84717.0209582515
99.516400126419,123.12207445394,73,4888.71276378632,15717.0064881853
107.610563029539,126.800543604964,83,6846.32271528244,24251.6897034812
114.41723664102,81.5830323700191,84,28678.6447241902,97671.5746413754
107.763796062788,101.273688001796,79,24316.0635828972,78321.3199373422
95.0620426864408,85.9942060478199,85,7577.54231244326,26854.9413037236
79.9413480845643,98.7878431505826,83,14768.7803655863,50263.946129176
74.4740853093054,134.552107850773,74,7438.49255889654,23585.8575109558
141.134698545079,102.588540760422,82,9914.0854254365,33946.5950873177
115.014889737937,131.826001089916,79,18184.4473183155,59131.9710443331
118.615798660275,127.461625513573,82,6257.36485421658,22080.4829948911
125.890949183776,85.6424070521755,85,28868.5587272048,99554.2527569231
95.7915942702929,94.8297215611643,80,-732.729502022266,-1256.35346178198
145.386547745899,80.868850224571,83,11950.1726552844,40926.0979420677
74.2744950700716,98.361505963991,86,27865.4409125447,97232.9809734573
112.824142622788,114.332121670131,72,1058.66420269012,4351.64627059769
117.933193390456,120.490604325122,85,17589.046344161,61365.0750636082
120.534808885237,115.966712055256,80,12001.8359571695,39913.3314501105
130.414305700437,101.102736349614,79,19396.0153833032,62732.2383215625
109.268150414402,105.681210714114,76,2329.55610752106,8344.95688297464
141.027002868895,180.621396714354,77,23731.1534658074,75399.9880459845
168.324444334103,152.90577371184,82,4810.22994965315,17701.0293152328
145.670515664895,120.558542075649,84,19101.5097871423,65826.3854172641
107.826996259085,124.362251283479,85,14073.1396228075,49438.160424854
97.9416747633738,119.433553572243,79,24628.19134444,79392.1738738121
89.8351953637301,122.560899368892,80,27302.5089651346,89014.9868196878
85.9002361887503,135.22170318257,85,8649.99561756849,30944.2257371844
108.086823057349,145.139668891181,84,27156.3050821424,93145.0840117836
115.07479459527,122.916998566099,78,20717.5508961082,66275.9808703146
112.998412101031,147.549564634313,79,7457.60717988014,25304.2280135726
158.636292057759,144.917616810836,85,2001.0816976428,8535.92844255423
130.174999946651,102.519311020597,78,22104.1326150298,70484.9135292039
116.2831633335,93.1598915970178,74,14529.5609161258,44328.302047728
137.507624098206,86.3237664814513,87,-908.921271562576,-2046.32969543585
109.405895048484,91.8052071741055,72,20785.9340012074,61189.8631755557
96.980695133931,94.2845111774909,82,22185.1035356522,74092.2046090886
82.7125787235708,70.0739145782278,79,10044.9055507779,32718.665721601
114.127934717296,128.413098515183,83,20812.3708292842,70798.0065622338
147.489489852401,133.106047709879,82,4637.84920424223,16883.1954184484
118.891458046711,112.219691308989,75,9766.94206893444,30700.3758692581
138.347833610301,78.1461253023488,81,28084.372036159,92367.7355106763
121.301664952391,93.4281268731428,81,24960.0033164024,82275.106381676
136.765765019673,98.4855473592012,86,-1518.9091861248,-3976.16804077955
103.203664492722,92.9980350376215,79,23844.1282659769,76737.2826325989
120.549900055507,97.2182112843052,78,26246.0827156901,83331.3950459739
101.981420630991,134.631690754662,86,718.499928712845,3979.56525917098
153.214977564101,106.433750076459,81,27856.0915142298,91909.4077565264
139.423521369211,134.513156825954,75,7231.71729594469,23360.3687419297
161.975252529802,96.1416606083718,72,11161.1229404807,33570.7961536794
136.244674232621,124.825846319703,87,1744.41595375538,7630.16846524892
109.646326620339,137.228932462522,73,10786.4855751395,33182.4571579991
112.236603484156,123.094681533186,80,24737.4917045236,80797.7927159232
112.663544701835,126.038380585469,80,391.843840479851,2709.48917702392
136.629190779111,145.579094268123,71,9465.28815478086,28673.8921846362
178.661381220772,119.584129648629,73,17215.6958207488,51973.6909862932
106.814723606607,145.777109754251,83,15277.559556067,52493.6995117592
122.28292771548,107.659301511807,77,9126.85886770487,29505.7664205387
149.386936982477,128.737833259871,87,28412.3329892755,100730.849845982
116.220482824307,94.8405790255723,80,14362.4784275889,47310.8360269042
109.914675465517,111.099316881203,87,8297.51704633236,30242.1530413804
86.9233840954701,124.740459439326,83,6712.0622843504,23720.6049374032
146.82561688883,123.442323369538,79,20033.1347212195,64982.754257473
144.927794215566,123.907124958693,76,502.325013279915,3049.91269149015
94.0702108694882,108.95131091986,81,16891.9707611203,56119.1260949458
133.292906684026,109.386565677629,78,19592.74879843,62628.8298810206
115.983651170517,135.152472826014,78,22118.2347089052,70785.0168899662
86.8456120118618,107.194229212537,85,350.761331617832,2423.89159267063
117.260793932798,113.519404165174,82,2691.61377847195,10182.5135178005
120.476935921105,117.725857275086,78,22462.8269970417,71725.5605354902
152.973039680622,111.098814091407,65,8726.06987506151,24191.9883827953
114.163296106004,119.1772414403,73,8763.16995173693,27069.2464938829
155.004713634774,91.306001777093,80,21436.5813359618,70038.2020809746
58.5699729854615,151.807006026471,76,17364.157654345,54534.0190088032
150.236131130806,110.632623014348,85,15102.7902290225,52913.6680182256
90.1333778059615,106.492292829118,82,20803.3739179373,69652.8619323006
113.872189184828,139.330928358162,82,28981.5141707659,96891.7113916354
126.576486224365,88.918420093187,75,3882.56269693375,12832.3248449882
118.472749696131,123.377550504563,78,29497.8318214417,93796.7757219524
134.245033854962,159.76735909552,80,10117.316916585,34276.814796616
91.8829919393717,124.107176072685,79,24836.018525064,80116.7646344809
123.532973877918,96.6227308085475,81,-161.047264933586,667.147150685545
110.482787007481,66.6532507349051,75,12547.635756433,38708.3328632252
145.562235531277,116.624985494535,75,6938.61825764179,22329.2783523894
84.4465668456962,72.2426574931664,73,8981.84835910797,27232.537496073
99.2066056733698,96.2923546309156,77,27359.1892421246,85715.2635851406
127.614382464031,90.7967555822506,82,7261.68873906136,25041.0607511096
96.5240316195806,99.9715012485557,78,18472.1802696586,59001.3685204143
156.053930322525,126.35772245587,78,5468.30374002457,18657.8124070458
100.956147207526,146.846975793374,81,23264.8759037256,77261.2484916689
156.862106171851,119.427819489412,78,13032.4676409364,42299.0237053557
133.5124616426,145.083072088275,82,10620.7536309958,36614.4016487917
106.86054764326,143.921442005412,85,4611.23391985893,17363.8269582828
161.775875273526,85.545969022396,85,15328.4498751163,53506.884717112
138.137442963533,111.855393778963,78,20088.4894430637,64255.3905289108
94.9613901303445,155.529204883192,76,2633.57244431973,9714.7586505256
115.014099433879,132.866612152218,84,13702.1763771772,47743.1926711016
103.02873408808,112.869921683673,82,24356.5604090691,81429.992480385
147.527149376368,72.4623721620491,80,12700.4069685936,41853.3916854602
98.6184457324725,144.131228887858,80,8437.44784593582,28719.8639167224
119.418142202401,169.737097819655,82,9567.57535785437,33426.0235117333
147.356290510504,105.78749261327,76,17972.3373875022,56110.4776834466
183.061740262917,103.418684317746,84,8649.70199018717,30545.7098721858
145.802570081087,95.1688153694201,87,1861.12478375435,7718.96289023164
83.802324561613,103.206398029695,85,26481.5168753266,91445.1670010501
153.384073104462,140.55791559359,81,20235.0934445858,67451.9976131513
90.3642340389144,101.00446127138,84,5635.06720215082,20167.373223044
114.237446214277,128.690084212112,80,28942.8718686104,94391.9914653714
158.107924137645,99.8734171772158,77,9348.32070022821,30218.9113239665
75.0829723597724,116.86100976321,88,8695.49804925919,32009.6908505026
97.7629677970407,201.285924208617,82,25491.9477924705,86081.1346117748
88.597607606547,76.5149535785982,83,14599.1890653968,49599.2106703798
107.485855772768,130.476539379174,75,15051.6753122211,46809.8201120159
126.044341076951,81.7755289440138,82,17660.574555397,59149.6114765598
130.197044425611,126.404072520644,83,3046.43246531487,11644.0489840589
139.08845740588,105.727516927141,72,8973.33037108183,27241.1379311149
107.633297268001,104.456357357211,81,5346.76588326693,18612.6927337409
160.4153700176,93.7211216095269,84,4825.26575028896,17522.5771327754
120.355366417697,88.3646798844335,78,-1999.88228082657,-5145.71820611693
128.633607153641,106.758551684201,81,11840.9444689751,39805.6138674028
121.525215307664,104.139336535519,74,13327.4886310101,40868.6526061867
109.519052655736,117.958149850881,80,23967.6991999149,78266.7384204557
144.721035638401,147.710195142303,77,26204.8512548208,82712.9252157488
129.454733409391,111.053057018014,87,24794.8158308864,87851.9675639273
118.503873770496,98.9539727902898,78,7925.59552937746,26035.4237915952
125.200150127581,112.559522607039,81,20536.8070527911,68072.1361641772
167.191939284499,124.807734609993,78,7100.1340970397,23808.1738436544
87.4708957725045,118.503302913839,77,25921.7794388533,81398.1367922886
88.0809884758757,94.3553735926427,87,29823.8618373871,105203.818034126
75.2527781121796,125.868540648261,72,12247.5796118379,36772.4589282781
111.665700112875,114.002014675431,82,8254.25516068935,28472.5378385821
108.147484136357,123.654859896626,81,15719.4095775485,52484.0513855791
121.004178282366,102.056433488249,75,8755.03236800432,27628.7193240486
83.1074378227931,73.5353521168307,78,2124.61017817259,7573.70423556711
128.908513455357,124.130733603348,81,24259.1447010636,80344.9702662226
110.079270430246,107.972084309304,74,24009.115204215,72569.619661303
123.585604860068,112.026440588813,78,24494.7868734598,78005.2181567567
110.980646938938,120.257064452425,78,9653.75233441591,31597.8854041546
157.667152789435,163.826417355083,74,9582.70451426506,30419.9951455264
117.520450715594,111.296262809478,79,4285.76452285051,14896.0563282917
144.750448376275,131.183873745457,75,23621.0998147726,72652.9048710646
113.569588218232,100.616585833975,76,5917.91547834873,19272.8281053541
101.792630734425,117.435615270591,76,18573.4933763742,57996.8862222945
110.997397936303,108.834515338937,78,28572.9472711682,90755.3877405966
95.800138439502,138.140305630273,69,23942.605368793,67821.2047232219
114.936747559024,120.50360428913,78,5060.85061281919,17240.2732422482
129.593572991458,117.733269860398,82,20250.1589506865,67985.9465008209
124.834859124563,102.2949649711,83,10732.9633682966,36997.9796259362
138.590191325348,91.9859206669256,83,24662.464030087,83362.5486913565
128.937678364126,106.148050654299,74,8555.25639653206,26723.0974612314
86.0253139936883,98.4473160277346,86,12767.9031416774,45198.5124748161
110.473079582305,111.4361383124,83,13660.4506969452,46812.1259673284
136.179724599752,109.068962781216,73,3756.19748234749,12370.9720586224
145.659397752792,128.709812128815,83,1716.69810265303,7322.09362715011
109.878427669122,177.666948847798,77,921.821676194668,4830.55096043633
107.230919225878,125.128350111815,78,8958.30993354321,29490.3178993462
99.3498880618139,96.4685432781574,78,19390.3577178717,61827.2075743327
75.0127199263941,103.706911563808,85,12435.2688416839,43582.2294846064
97.5111160651959,101.373853653528,75,5090.78610688448,16494.0710316204
128.739527067732,109.510821069945,78,22920.8288863301,73107.2998315094
168.973529394238,126.420466914234,85,17582.2451636195,61578.1796932038
123.78927289578,133.309926058738,83,6132.47615844011,21960.8948313234
140.122321851351,116.825711053793,84,19357.9349219799,66645.0457662392
121.329008137496,103.27931801607,81,22286.8662551045,73710.4628009003
95.6790672059581,79.567740716491,79,12096.1610376835,39358.5421754844
112.160879305176,127.226689832711,79,12138.8163566589,39950.1692586804
133.662559640204,137.286732774277,79,4831.68306946754,16906.5493051412
111.056186746462,88.3449754130426,71,-707.91494846344,-929.202791688212
125.52267577768,121.177862251473,83,18582.193762064,63306.5710500958
189.47615120408,132.625757618037,78,2909.24896299839,10801.6152301466
140.410382602034,167.09957572631,85,13882.9874992371,49303.5001197978
103.399628630138,133.132108265566,84,29831.1998993158,101978.170185378
120.937559062274,95.2270520482765,82,8670.2841296792,29749.548114057
119.411909303518,145.796518922662,86,-1574.72161948681,-3752.17195937542
166.284847364892,113.217030598783,80,14122.0307424664,46806.6422511773
90.4799144708691,120.414129184744,72,13665.0889962912,40834.9195372993
109.621112042875,138.92229701988,85,21612.424120307,75264.900913542
148.483186755626,113.024282519405,71,26656.5337181091,77392.8861440946
88.6796663070948,129.601943924591,75,19589.3969759345,60399.9428884924
149.40863789548,111.300075314287,82,9538.3899435401,32801.4593895362
120.095942884557,108.229473538705,83,21791.7629033327,73883.6830114131
117.64717647539,116.119811559917,77,2880.23441284895,10259.8112203894
139.877961394191,112.899990148025,79,27117.755100131,87336.7848823297
133.571399641715,142.904605691037,79,595.965810120106,3579.69449494825
79.3134004891331,135.262653887965,82,21683.4525093436,72806.1956606364
144.429662009284,119.138686702269,75,-1610.49254983664,-3432.7699811715
154.407372253182,92.4865764608826,80,12896.1921557784,42645.8925538709
130.030540806684,69.6526452638245,80,8885.95926016569,29477.9297421928
84.6255375808185,98.7305361165811,74,25452.1402344108,76712.1153165748
134.522769947929,120.092120562304,77,8055.86235970259,26320.0060205337
127.350768895566,103.348745044468,73,15430.6866452098,46431.9651192505
129.172674678357,152.284291257815,80,29428.8472980261,96204.5513838221
132.575386330275,122.190838177106,86,11024.7284024954,39534.50032082
98.1383797935028,161.508243205457,80,5479.31688278913,19382.4240171171
125.8089088409,94.7820615673867,81,24285.2930501103,80105.1003839993
124.033583424915,99.476033357235,86,28062.3532086611,98072.4344164277
78.5418048798192,90.8473494577864,78,20844.5560634136,66266.1750536451
79.4582624479352,121.434394578378,85,1809.68531966209,7486.61425333543
90.2723799622418,80.3587892574928,79,4344.49628740549,14712.9926706295
145.028385661621,86.3823063970452,74,8524.97748285532,26486.0815205627
128.098977583339,109.901953394508,84,5488.15263062716,19807.798171432
101.600078719938,95.0927357073339,82,1550.23933202028,6260.20262647149
99.709385458135,81.4326770457038,78,22786.0639020801,72362.6357874884
120.887521068925,157.075180995989,78,11818.8914358616,38767.6391083525
108.513413562621,104.098388287205,79,26523.2041403651,85322.1208231427
101.039186551037,95.3641978912605,84,19202.0822912455,65830.1693017954
112.728341472915,119.260422851693,75,6397.52964675426,20638.1612368645
162.276564961101,144.90417083338,88,9480.63267767429,35236.8494769352
91.9538866548896,127.822206604458,73,25816.5935352445,77034.3027431208
71.8817864436055,102.907999522387,70,28068.4594884515,80027.5205949312
108.213348468194,105.767834742484,80,1873.46173077822,7274.11346745396
124.011260196696,125.089303069032,74,11438.8610571623,35461.2226283275
123.647201804649,109.956311841539,80,-415.437303483486,-49.4301754891985
81.8127634384611,140.612686651781,76,23015.424259007,71737.4887374267
100.972960349115,79.8814283763781,83,5639.60225135088,19812.4885227314
133.24200534059,128.900584239489,74,2631.72527402639,9353.99654976913
117.058223928128,84.0113999843599,76,17314.5559579134,53868.3743548074
97.3133991939022,160.258988355399,78,4218.50565075874,14968.5268575191
151.468482933293,152.44698748065,78,17452.0336017013,56432.2981869143
159.430628666119,129.302679060924,83,27094.9273481965,91837.8147215975
137.14308309818,97.3081615249266,81,25087.9114568233,82758.5054082103
103.361568047842,126.085777005161,79,12103.7834137678,39819.9711966296
87.2226515933494,149.560389735263,82,11871.9092383981,40719.0727318392
176.575929289044,130.632159687575,81,1947.53021746874,7975.81960935471
76.8743334158597,111.526326124798,81,10722.1270874143,36090.1061843432
150.103053355697,103.457567265412,83,26179.107144475,88492.262059531
103.531595418945,90.2299419910088,81,-146.293014287949,646.845291331922
100.78761868088,85.2981800431509,80,2777.12467312813,9942.20456544138
126.887351689239,104.013779765737,82,25333.6196094751,84606.8602217211
112.888817854918,140.887815260231,88,3798.10801148415,15023.2151704789
144.41322008164,80.4073455435252,81,-348.846860229969,-44.3719318760397
115.144289628273,118.317926364005,82,4186.74394488335,15166.6439664524
91.6524377167053,165.025320549816,77,16777.9844850302,53627.1095483774
127.56582840417,111.39033928926,72,20167.6069945097,59622.3169499195
109.782319302904,95.5328848974627,89,3249.14393573999,12756.354037454
122.959503227853,118.630947800736,77,28820.8565637469,90488.7070068618
131.199529094955,87.2699971348179,82,9187.3479411006,31359.4268006446
138.358220106882,133.111105938617,82,9732.54582285881,33590.4067430687
122.334854427383,94.0793234251012,86,12907.9591780901,45704.9361330172
121.974974309558,107.28206475149,78,3241.67537689209,11430.3709657761
93.0062876456116,108.090875811981,78,11733.6042150855,37961.0698324144
125.107395958374,144.301977774111,78,19893.9294293523,63933.2043196409
125.069749826145,99.1739176682333,82,5423.54061454535,19087.6100793008
133.567655209311,101.319291832899,86,9518.88813078403,34111.3829764772
125.401144712641,119.798964126698,76,15886.2621337175,49876.455812639
116.192104761712,117.567489127685,79,24256.1022415757,78246.7652349025
110.677496091959,90.1397924965604,79,26040.7103672624,83674.5274616874
60.0155222932782,115.033559264995,80,14911.8290394545,49057.0258637705
100.720802578576,111.54716184425,87,22991.8383508921,81509.9472441478
94.6771190160837,159.894464804645,81,14859.6588149667,50058.1005473945
155.76010051083,116.436911371374,79,16395.2337875962,53425.0521239383
125.528475017468,86.7815577658193,79,1139.47074115276,4738.27777240816
146.875789546179,122.990271049432,80,10138.8494372368,34054.7755752742
138.777310248906,131.713853906454,85,24407.3805361986,84788.1631224583
81.7144598384288,132.978856053763,81,19428.6503866315,64546.2109624724
114.737964045199,100.197622851452,80,22303.4042865038,72793.2671663351
87.4912763216392,117.730051174115,82,15615.7622262836,52695.8198280203
100.315377299609,104.995638794693,79,9632.14699178934,31764.8051699246
123.503571425058,127.46341034531,78,7555.30945211649,25097.6089368767
128.713708473205,134.998085018869,76,10132.3597282171,32476.3253528089
104.476681803814,80.5851240482483,78,253.524214029312,1829.3898871463
132.122807169061,92.4806622050841,82,7162.113673985,24744.189476188
125.746238167606,110.563046130011,77,3510.94004511833,12183.9664727461
109.937773788931,90.9480647422768,85,5348.43538701534,19369.5731674702
141.684451504901,90.2482546076151,81,8852.14287042618,29967.4269016368
127.389218509685,160.268488358065,82,10523.7428024411,36450.1641252139
95.8202395542609,116.003362222804,78,23087.7372995019,73561.2469029128
100.445439519993,126.647035914549,77,9936.62739545107,32142.5180001761
119.308919614104,121.374948443373,75,16875.4224702716,52196.6058716369
136.814552139503,105.667150366597,78,16157.5287729502,51890.6306276192
152.456775753508,81.455560014493,84,12800.01013726,44300.0453992428
99.4396976215353,111.278219474129,80,816.916473209858,3897.98096544326
157.72839783589,82.1857358514366,81,20213.3468240499,66861.0533146909
150.705851718033,140.207585260486,77,14536.9629710913,46599.8112019907
102.132057174886,132.421260146319,79,2865.38497358561,10572.6864190831
146.65735482099,114.902760614798,80,22201.0406181216,72686.9846231194
129.459403582032,96.4759602514518,82,-911.629073321819,-1784.28302747298
131.455368652568,114.980343795737,82,18248.3608052135,61420.6325341239
133.033029418875,142.674681527564,83,2656.05442970991,10540.0307124623
141.18822816867,139.168662940124,77,25046.333797276,79052.3946041512
140.49277009779,120.019830247712,78,438.665241003036,2839.24453535434
126.1834241094,79.3403252988183,84,27177.6320934296,92629.8248270846
141.305774211963,86.8892385649446,80,26493.5157597065,86196.5770265604
124.361163479893,84.4607511151415,80,1052.90051549673,4444.87706729836
136.079438225981,106.5445118375,79,15596.8009606004,50785.3369168563
167.692502043967,94.6393182856575,81,28888.3772417903,95199.8470625876
131.575689734924,126.853929675417,84,24458.05657655,83933.8756409154
141.788518676904,143.017120338885,84,5187.39029020071,19157.997611289
112.897603372007,103.743767223373,76,19371.7157542706,60302.7698872953
100.514921483144,104.057185650667,72,28964.9229645729,84928.1453454196
111.422596826705,108.496254694026,81,-35.3937149047852,1151.08948464535
178.943938093598,142.396052309504,79,-48.8154664635658,1665.63707754417
129.080851978401,154.819882067573,83,22727.4905517697,77417.6541181243
127.432890944077,143.677177425283,80,3523.92946183681,12947.0224357798
129.935997792293,90.5848265029333,78,21079.0255218744,67163.9495010974
154.06342268514,105.084870290041,87,16108.1672906876,57595.7793459989
